sents,LEAD,HYBRID,INCONS,INCONS_NEG,POL,CTR
"The solution enables shoppers to opt-in and receive customized offers and personal assistance via a Bluetooth Smart-triggered loyalty app and access Wi-Fi to locate products in store, read reviews, compare prices and look up information.",1,0,0,0,0,0
"Slated for retail launch beginning June 3, 2006, Under Armour Performance Footwear is the latest development from the company that brought performance apparel to the attention of athletes around the globe.",1,0,0,0,0,0
filling up their baths with water in fear of their supply becoming contaminated.,0,0,0,0,1,0
; Management will host a corresponding conference call to discuss earnings at 10:00 a.m. (Eastern) the same day.,1,0,0,0,0,0
"In nearly eight years of service with Under Armour, as Chief Operating Officer and previously as Chief Financial Officer, Mr. Marino has played a lead role in building a foundation for sustainable growth and in guiding the company past the $1 billion revenue threshold.",1,0,0,0,0,0
"Baltimore, MD (August 7, 2008) Under Armour, Inc. (NYSE: UA) today announced that Anthony ""Tony"" Deering, former Chairman of the Board and Chief E Officer of The Rouse Company, has joined the Company\'s board of directors.",1,1,1,1,1,1
";Among other things the document envisages the development, testing and introduction of lubricant materials and other Rosneft oil products required by AVTOVAZ businesses; and the possibility of closing of long-term contracts for the supply of AVTOVAZ production facilities with high-quality lubricant materials and oil products.",1,0,0,0,0,0
; (Logo: http:/www.newscom.com/cgi-bin/prnh/20010126/RPMLOGO ); Management will host a conference call to discuss the results beginning at:00 a.m. Eastern time the same day.,1,1,1,1,1,1
"The results will be issued via newswire and will also be available on the RPM web site, http:/www.rpminc.com.",1,0,0,0,0,0
"This DSP-optimized KU115 FPGA targets data center compute acceleration and signal processing applications including data center, video and medical imaging, broadcast systems, and radar.",1,0,0,0,0,0
"The EDN China Innovation Awards is widely regarded as one of the industry\'s most coveted honors and the winners are chosen by a committee comprised of technology managers, researchers, and EDN China editors.",1,0,0,0,0,0
"While our previous credit facility did not e until May, 2013, we decided to e and e our credit facility now to take advantage of a very attractive banking market for companies like MasTec.",0,1,0,0,1,1
"; e on our 2017 Channel Chiefs list have distinguished themselves by building strong partner programs, developing and e effective business strategy and helping to advance the channel as a whole.",1,0,0,0,0,0
";Through its innovative thinking, long-term product strategy and collaborative partner programme, the winner of this years award has established itself as one of the worlds foremost companies in the auto ID industry, said Dominik Rotzinger, Managing Director of Warok GmbH, in the award citation.",0,0,1,1,0,0
";Planning for hurricanes, tropical storms and floods is one thing.",1,0,0,0,0,0
"Sprouts are tiny plants produced without soil a type of fresh greens that can be grown virtually anywhere, at any time of year.",1,0,0,0,0,0
"The report by Clarivate Analytics, formerly part of Thomson Reuters, announced its 2016 honors for the most innovative corporations and institutions in the world determined by analyzing proprietary data.",1,0,0,0,0,0
The last few days have been something else.,1,0,0,0,0,0
";London, UK and Willich/Berlin, Germany, April 11, 2011 Psion has won this years European AutoID Award in the category of Most Innovative Company.",1,0,0,0,0,1
We undertake no obligation to update such forward-looking statements.,0,1,1,1,1,1
"Printagraph new business, dubbed , permits customers to personalize plastic bricks that are delivered in kits for assembly into puzzles and photobricks.",1,0,0,0,0,0
"And, as CEO, I very quickly realised the situation was turning into something far more profound than I could have ever e.;Like most of you, I watched the footage on the television news and saw how Te were suffering.",0,0,0,0,0,1
; majority of consumers are already using their smart phones for shopping-related activities.,0,0,1,1,0,0
Shell CEO Ben van Beurden reflects on thecourage and determination shown by all those caught in the trail of Harvey\'s devastation.,1,0,0,0,0,0
"MEDINA, Ohio, April 3 /PRNewswire-FirstCall/ - RPM International Inc. (NYSE: RPM) today announced it will release its fiscal 2003 third-quarter results before the market opens on Monday, April 14, 2003.",1,0,0,0,0,0
"Since it tops delicious couscous, no drop is wasted.",0,0,1,1,1,1
"Designed to make all athletes better, the brand\'s innovative products are sold worldwide to athletes at all levels.",0,1,1,1,1,1
Please activate JavaScript in your browser to use all interface options.,1,0,0,0,0,0
The Phaser 6510 color printer starts at a suggested retail price of $319 and the WorkCentre 6515 color MFP starts at a suggested retail price of $439.,0,0,0,0,0,1
"""We thank the many state and local officials who have worked with us over the last year, ensuring this project came to life for the betterment of the Under Armour brand, the local ; community, and the athletes who rely on our product to perform at their best.",0,1,1,1,1,1
Today at AVTOVAZ we are all focused on e of new products and on making LADA customers proud again to drive LADA products.,0,1,0,0,0,1
";The system is also highly scalable, easy to build and maintain; distributed WiNG architecture cuts infrastructure requirements, and a central management tool and analytics platform makes network performance optimization easy to achieve.",0,1,0,0,1,1
"Dickerson will remain with Under Armour until February 2016 in order to ensure a smooth transition of leadership and responsibilities, and will continue to serve in his current roles while Under Armour conducts an e search for a new CFO.",1,1,1,1,1,1
"If you are lucky enough to live in one of these states, give these butters a try and let us know what you think.",0,1,0,0,0,1
"In the past five years, the Company has repurchased appro 43 million shares of common stock for appro ;.",1,0,0,0,0,0
";The Kintex UltraScale FPGAs deliver up to 1.16M logic cells, 5,520 optimized DSP slices, 76 Mbits of block RAM, 16.3Gbps backplane-capable transceivers, PCIe; Gen3 hard blocks, integrated 100Gb/s Ethernet MAC and 150 Gb/s Interlaken IP Cores, and DDR4 memory interfaces operating at 2,400 Mb/s.",0,0,0,0,1,1
The program was formerly known as the Thomson Reuters Top 100 Global Innovators.,1,1,1,1,1,1
"With the establishment of the Nashville Distribution House, ; will invest over ; and will create 1,500 new jobs in the area over the ne five years.",1,0,0,0,0,0
"This is technology that does something for you - it makes you better.""",0,1,0,0,0,1
""";Customers can place orders for the KU040 FPGAs today by contacting their local Xilinx sales representative.Kintex UltraScale development and evaluation boards are available from Xilinx and its Alliance Members.",0,1,1,1,0,0
"The Company\'s products are sold worldwide and worn by athletes at all levels, from youth to professional, on playing fields around the globe.",0,0,1,1,1,0
"A conference call to discuss earnings will begin at 10:00 a.m. (Eastern) on Friday, January 10.",1,0,0,0,0,0
Xerox and Xerox and Design are trademarks of Xerox Corporation in the United States and/or other countries.',0,1,1,1,1,1
 Moscows Gorky Park has recently deployed a wireless network solution from ; to enable thousands of visitors to the park to simultaneously access wireless connectivity for a first-class visitor e. The new ; infrastructure replaces a legacy network which was failing to meet the latest requirements across the parterre section of the Park and cope with bring-your-own-device (BYOD) demand.,1,1,1,1,1,1
"; is ; third distribution facility in ;, joining the company\'s original warehouse in the ; metropolitan area and another located in ;.",1,0,0,0,0,0
"Combined with high level abstraction tools including Vivado; High Level Synthesis and Xilinx's software defined development environment for OpenCL, the family provides a complete solution to minimize compute-bottlenecks when designing and implementing DSP-intensive algorithms.",0,1,1,1,1,1
", MD (November 16, 2006) Under Armour, Inc. (NASDAQ: UARM), a leading developer, marketer and distributor of branded performance apparel, footwear and accessories, today announced that it has filed an application to list its securities on the New York Stock E (NYSE).",1,0,0,0,0,0
"This press release was issued by Motorola Solutions Enterprise business prior to its acquisition by Zebra Technologies on Oct. 27, 2014.; With 45% of shoppers already using their mobile devices for mobile coupons, Motorola Solutions, Inc. (NYSE:MSI) is announcing a new unified indoor locationing platform to help organizations better meet the demand for customer engagement.",1,0,0,0,1,0
"These industry-leading devices are coupled with a ne-generation design environment and IP to serve a broad range of customer needs, from programmable logic to programmable systems integration.",0,0,1,1,0,0
"CONTACT: Glenn R. Hasman, vice president of finance and communications of International Inc., +1-330-273-8820, or ghasman@rpminc.com;RPM International Inc. (NYSE: RPM) owns subsidiaries that are world leaders in coatings, sealants, building materials and related services.",0,1,1,1,1,1
; After the signing AVTOVAZ President Bo Andersson stated: Racing is a critical part of the new AVTOVAZ.,0,0,1,1,1,0
";""We\'re e to open the Nashville Distribution House, which provides us with a great opportunity to grow our US-based team and better service our rapidly e customer base,"" said ;, EVP, Global Operations at ;.",0,1,1,1,1,1
";""With the launch of Under Armour Performance Footwear, we are redefining what performance means to athletes on the field from head to toe,"" commented Kevin Plank, chairman, chief e officer and president of Under Armour.",0,1,1,1,1,1
Their compound butter is designed to make you feel like a Julia Child in your own kitchen.,1,0,0,0,0,0
";""As a growth company, Under Armour can benefit greatly from Tony\'s insight and e,"" said Kevin Plank, Under Armour\'s CEO and Chairman.",0,1,1,1,1,1
"The e who comprise this annual list span the IT channel, representing vendors, distributors, solution providers and other organizations that figure prominently in the channel ecosystem.",1,1,1,1,1,1
"| | | | | ""Whole Foods Market"" is a registered trademark of Whole Foods Market IP, L.P. We have sent a confirmation email to {* emailAddressData *}.",0,1,0,0,0,1
";Kintex UltraScale FPGAs deliver up to 1.16M logic cells, 5,520 optimized DSP slices, 76 Mbits of block RAM, 16.3Gbps backplane-capable transceivers, PCIe; Gen3 hard blocks, integrated 100Gb/s Ethernet MAC and 150 Gb/s Interlaken IP Cores, and DDR4 memory interfaces operating at 2,400 Mb/s.",0,0,0,0,1,1
"Team pilots are WTCC 2012 champion Rob Huff, two-time British touring champion James Thompson and Russian Touring Championship Touring light class champion Mikhail Kozlovskiy.",0,1,1,1,1,1
";Moreover the Agreement envisages Rosneft sponsorship of the LADA SPORT ROSNEFT auto sports team, therefore the parties are aimed at building on the progress of LADA cars in the worlds and Russian Touring Championships by presenting a joint team at the WTCC (World Touring Car Championship) and Russian Circuit Racing Series starting from the year 2015.",0,0,0,0,0,1
"Personalized packaging cartons for models assembled with LEGO -style plastic bricks earned Printagraph of Aberdeen, U.K., the Best of Show award in the 2016 .",1,1,1,1,1,1
We have recently deployed a Zebra Technologies wireless network in the Park.,0,0,1,1,0,0
He also serves on board of the T. Rowe Price Mutual Funds and is a member of the Deutsche Bank Americas Regional Client Advisory Board.,1,0,0,0,0,0
"With the launch of PartnerConnect last year, Zebra is building on our commitment to making it easier for our partners to do business with us.",0,1,1,1,1,1
"Since Fran marks 30 years of producing one-of-a-kind sweets on June 1 of this year, I took a tour of their production kitchens with CEO Andrina Bigelow, Fran daughter, to learn just what makes them so special.",0,0,0,0,0,1
";Dec 18, 2014;, ; / -;Xilinx, Inc. (NASDAQ: XLNX) today announced that its Kinte UltraScale; KU040 FPGAs are now the industry\'s first 20nm device to move into volume production.",1,1,1,1,1,1
"The MFP also features a 5-inch, app-based, tablet-like touchscreen that offers scan preview, editing features, intuitive navigation and the ability to customize workflows.",0,1,1,1,0,0
Timing of repurchases and e number of shares of common stock to be purchased will depend upon prevailing market conditions and other factors.,1,0,0,0,0,0
"100 comments says says says says says says says says says says says says says says says says says says says says says says says says says says says says says says says says says says says says says says says says says says says says says says says says says says Get seasonal recipes, cooking tips, product highlights and coupons delivered to your inbox!",0,1,1,1,1,1
"In order to provide enhanced security and a mobile-optimized e, we will no longer be supporting this browser version.",1,0,0,0,0,0
"The amended credit facility includes more favorable interest rates, pricing, covenants and other improved terms.",1,0,0,0,0,0
"; RPM International Inc., a holding company, owns subsidiaries that are world leaders in specialty coatings serving both industrial and consumer markets.",0,1,1,1,1,1
"By applying our e in imaging, business process, analytics, automation and user-centric insights, we engineer the flow of work to provide greater productivity, efficiency and personalization.",0,1,0,0,1,1
 For the past four years the innovative sports performance brand Under Armour has been an official apparel supplier of the Austria Ski Team.,1,1,1,1,1,1
";Bill Abelson; Technologies;+1-631-738-4751; Turpin; Channel Company;+1-508-416-1195; DeRango; Technologies;+1-847-793-5896; and the stylized Zebra head are trademarks of ZIH Corp., registered in many jurisdictions worldwide.CRN is a registered trademark of The Channel Company, LLC.",0,1,1,1,1,1
";Working with OM-ID, a professional integrator and Zebra Technologies partner, Zebra WiNG architecture was installed to provide a quality Wi-Fi service based on the number of mobile clients in different areas in the central part of the park.",1,1,1,1,1,1
"""As our brand and our business become more global every day, raising Under Armour\'s visibility in the global financial markets becomes increasingly more important.",0,1,0,0,1,1
The kits are packaged in folded cartons that are printed on the and Presses and incorporate personalized images and messages.,1,0,0,0,0,0
"2014 Motorola Solutions, Inc. All rights reserved; Global; Retail; Solutions Launches; Locationing Solutions; Wireless LAN'",0,1,1,1,0,1
Is your steak feeling a little lonely?,0,0,1,1,1,0
printing off basic human survival checklists and advice to be ready for the very worst.,0,0,1,1,1,0
"The new CFO will report directly to Kevin Plank, Under Armour\'s founder and Chief E Officer.",0,1,1,1,1,1
"This successful partnership has been e for an additional two years, until May 31, 2017.",1,0,0,0,0,0
Customers can benefit from an estimated one year time to market advantage relative to its competition.,1,0,0,0,0,0
"The results will be issued via newswire and will also be available on the RPM website, at http:/www.rpminc.com .",1,0,0,0,0,0
"The Under Armour global headquarters is in Baltimore, Maryland, with European headquarters in Amsterdam\'s Olympic Stadium, and additional offices in Denver, Hong Kong, Toronto, and Guangzhou, China.",0,1,0,0,0,1
"The Xerox DocuMate 4799 is the flagship product of the Xerox DocuMate product line, and its versatility, high speed and superior reliability make it a popular scanner for demanding office environments.",0,1,1,1,1,1
"clicking through multiple sub-menus; we put 90 percent of the basic functions on the main screen, so anyone can click and move on to the ne task at hand.",0,1,1,0,0,1
"In the first year of trading, Under Armour shares have risen 85% from the closing price on the first day of trading.",0,0,1,1,0,1
"I\'m looking forward to our upcoming projects"", says Marcel Hirscher, a big fitness enthusiast and perfect fit for the brand.",0,1,1,1,1,1
Xerox (NYSE: XRX) has been named to the Dow Jones Sustainability World Index (DJSI World) for the first time and the Dow Jones Sustainability North America Index for the third consecutive year.,1,1,1,1,1,0
The amendment e the Company\'s e credit facility from ; and e the maturity from ; until ;.,1,0,0,0,0,0
";RPM International Inc. (NYSE: RPM) owns subsidiaries that are world leaders in coatings, sealants, building materials and related services.",0,1,1,1,1,1
"Global Premier Partner Network members represent the industry most innovative and forward-thinking digital printers, said , president of Global Graphic Communications Operations, Xerox Corporation.",0,0,1,1,0,0
" (NASDAQ: ZBRA), a global leader in providing solutions and services that give enterprises real-time visibility into their operations, today announced that ;, a brand of ;, has named Rita Koridek, Senior Director of Global Channel Operations to its prestigious 2017 Women of the Channel list.",1,1,0,0,1,1
"August 24, 2011;CORAL GABLES, Fla., Aug. 24, 2011 /PRNewswire via COMTEX/ -;MasTec, Inc. (NYSE: MTZ) today announced that it has entered into an agreement with a syndicate of 14 lenders, led by Bank of America, N.A., GE Capital Markets, Inc. and Sun Trust Robinson Humphrey, Inc., for an amended and restated senior secured revolving credit facility.",1,1,0,0,1,1
"And of course, you can find Fran Chocolates in Whole Foods Market stores throughout the US.",0,1,1,1,1,0
", ; -Today, at a ribbon-cutting ceremony outside of ; in ;, ; (;: UA) opened the doors to its new one million square foot distribution and warehouse facility.",1,0,0,0,0,0
"""To be recognized as a leader in is validation of our long-standing commitment to corporate social responsibility that is core to our business, operations, products and solutions throughout the world, said Flor Colon, Xerox Corporate Social Responsibility council chair.",0,1,1,1,1,1
;I have never been more proud of the company that I work for than today.,0,0,1,1,0,0
These allow visitors to use enterprise-grade Wi-Fi at an almost unlimited speed in both 2.4 and 5 GHz bands through a distributed WiNG architecture which prevents bottlenecks or connection losses.,0,1,1,1,1,1
" By Heather Kennedy, November 2, 2011 | In the infamous words of Julia Child, enough butter, anything is good!",1,0,0,0,0,0
"; e e support every aspect of the channel ecosystem, from technical innovation to marketing to business development, working tirelessly to keep the channel moving into the future.",0,0,1,1,0,0
" MEDINA, Ohio, Dec. 23 /PRNewswire-FirstCall/ - RPM International Inc. (NYSE: RPM) today announced it will release its fiscal 2003 second-quarter and first-half results after the market closes on Thursday, January 9.",1,0,0,0,0,0
"We continue to be one of the world top 20 patent recipients, we have launched e new products like the , the , the , the and we have received continuing recognition for our people like PARC scientist who was named by MIT Technology Review in its list of top innovators under 35.",0,1,1,1,1,1
"Until that time, the Company\'s shares will continue to trade on the NASDAQ National Market under the symbol ""UARM"".",1,0,1,1,0,0
We are e to be home to the company\'s newest operations and look forward to building upon our partnership.,0,1,1,1,1,1
;The award was conferred in recognition of the companys Open Source Mobility (OSM) development and innovation strategy.,0,1,1,1,1,0
You could say it not only brightens your dishes but your days.,0,0,1,1,1,1
The e on this annual list represent top leaders in the IT ; who e at driving growth and revenue in their organizations through channel partners.,1,0,0,0,0,0
";Valerie Berrivin; Zebra Technologies; +1-33 607 956 184; ;Zebra Technologies, Zebra and the Zebra logo are trademarks or registered trademarks of Zebra Technologies Corporation and are used under license.",0,0,0,0,0,1
"Based on our current metrics, availability under the e credit facility is now in the ; range, compared to about ; under the prior credit facility.",0,0,1,1,0,0
";For the Best Product award, one winner is selected from each of nine categories, and Xilinx was recognized in the programmable devices category for its long-term innovation and leadership in the industry.",0,0,1,1,0,0
"Enter your comment by Wednesday, December 12 and we pick ten winners at random to receive a case of their citrus champion of choice clementines or Satsumas To provide feedback or ask a question about our company, a store or a product, please visit our page.",0,0,0,0,0,1
"you the person down the hall who constantly interrupted to help someone print from the cloud or connect to the Wi-Fi, you will love these products, said Tracey Koziol, senior vice president, Office and Solutions Business Group, Xerox.",0,0,0,1,0,0
But sometimes it even more fun to -discover an old favorite.,1,0,0,0,0,0
"Prepared with tender, boneless, chicken, and baked according to authentic traditions with freshly-ground tandoori spices simmered in a savory yogurt and tomato sauce.",1,1,1,1,1,0
";April 15th marks the first time that consumers will be able to view models and pre-register to buy the companys performance footwear at Dicks Sporting Goods, The Sports Authority, and Hibbetts Sports locations nationwide, or on-line at www.underarmour.com/click-clack.",1,0,0,0,0,0
Weve detected that youre visiting Zebra.com using Internet E 8.,1,0,0,0,0,0
"Forward-looking statements and projections can often be identified by the use of forward-looking words such as ""e,"" ""believe,"" ""may,"" ""will,"" ""could,"" ""anticipate,"" ""estimate,"" ""continue,"" ""plan,"" ""intend,"" ""project"" or other similar e. Statements that refer to or are based on projections, uncertain events or assumptions also identify forward-looking statements.",0,1,1,1,1,0
"In a small office, productivity drain can begin with a piece of office equipment or a process that no one quite knows how to manage.",1,0,1,1,1,0
"2014 Motorola Solutions, Inc. All rights reserved; Global; Solutions Launches'",0,0,0,0,0,1
"For the fifth time since 2011, Xerox (NYSE: XRX) has been recognized as a Top 100 Global Innovator.",1,0,0,0,0,0
"solutions are designed to provide the very best overall package the best hardware, best software and best support and it great to see customers confirming this by voting for us.",0,1,1,1,1,1
"Intense, tangy and sweet with a bright and lively finish Thinner, loose rind, distinct knot California and Florida The bold taste is perfect for adding e zip to recipes.",0,1,0,0,0,0
This season we got a battle of epic flavor featuring two of our favorite citrus superstars Satsuma v Clementine and we need your help to pick the season champion.,0,1,1,1,1,1
"RPM International Inc., a holding company, owns subsidiaries that are world leaders in specialty coatings serving both industrial and consumer markets.",0,1,1,1,1,1
The new Xerox WorkCentre 3335/3345 Multifunction Printers and Xerox Phaser 3330 help even the smallest offices stay productive and uncover easier and simplified ways to work.,0,1,0,0,0,1
but it also becoming the coldest and darkest time of the year too.,1,0,1,1,1,0
Visitors e seamless high-speed Wi-Fi roaming on a secure network that protects their devices and the entire network from hacking.,0,1,0,0,1,0
The company was recognized with a Top 10 Most Influencial Technologies for the Future award for its All Programmable SoC technology and the Best Product award in the programmable devices category.,1,1,1,1,1,1
"This press release was issued by Motorola Solutions Enterprise business prior to its acquisition by Zebra Technologies on Oct. 27, 2014.; With 45% of shoppers already using their mobile devices for mobile coupons, Motorola Solutions, Inc. (NYSE:MSI) is announcing a new unified indoor locationing platform to help organisations better meet the demand for customer engagement.",1,0,0,0,1,0
;Staff from;also loaned some portable six inch pumps from the facility to a nearby neighbourhood that was about to be flooded.,0,1,0,0,0,0
"In the categories of , and , Xerox e the average score of DJSI World Members.",1,0,0,0,0,0
"For each pre-order, customers will receive a limited edition set of ""dog tags"" imprinted with ""Click-Clack,"" the tagline the company has coined to announce its debut into cleats.",0,0,1,1,1,1
"Such forward looking statements include, but are not limited to, statements related to the semiconductor market, the growth and acceptance of our products, e revenue growth, the demand and growth in the markets we serve and opportunity for e into new markets.",0,1,1,1,0,1
"The new wireless network provides robust security and delivers reliable, seamless coverage of the 68.9 hectare park.",1,0,0,0,0,0
"; Armour (NASDAQ: UARM) is a leading developer, marketer and distributor of branded performance apparel, footwear and accessories.",0,1,0,0,1,1
"In addition, Under Armour e to allocate key operational duties of the COO role to the new CFO and the current e leadership team as part of the transition process.",0,0,1,1,0,0
"RPM's industrial products include roofing systems, sealants, corrosion control coatings, flooring coatings and specialty chemicals.",0,1,1,1,1,1
"Baltimore, MD, (September 6, 2011) Under Armour, Inc. (NYSE:UA) announced today that Wayne Marino is retiring as Chief Operating Officer of the company.",1,0,0,0,0,0
so she abandoned her home and took her husband and children to assist the Shell crisis team that had set up in another city.,0,0,1,1,1,0
"They don need soil, so there no mess.",0,0,1,1,1,0
"Additionally, DTS Service, the international service partner for Xerox DocuMate scanners, was named 'Service and Support Company of the Year' by the magazine.",1,0,0,0,0,0
";""As the 10; anniversary of EDN China award, this year\'s awards recognized each winning product\'s and company\'s industry impact and leadership,"" said Yorbe Zhang, head of content at EDN China.",0,1,1,1,1,1
" By Allison Burch, July 31, 2011 | Roasted white-meat chicken simmered in a lemongrass and basil green curry with green peppers and onions.",1,0,0,0,0,0
"To grow sprouts at home, all you need are a few simple tools: a wide-mouth jar, a sprouting lid, sprouting seeds, and fresh water.",0,1,1,1,0,0
";Were e proud to have been chosen as the most innovative company, said Jrgen Heim, Managing Director of Psion GmbH.",0,1,1,1,1,1
"1 bunch Lacinato kale, chopped, stems and tough ribs removed , chopped (grow your own with ) 1/4 cup e-virgin olive oil 1 teaspoon salt 1/4 cup toasted sesame oil 1/4 cup cider vinegar 1 cup 1 small fennel bulb, thinly sliced (grow your own with ) 1/2 cup toasted sunflower seeds Toss together chopped kale, olive oil, and salt in large salad bowl.",0,1,0,0,1,1
"The Company\'s products are worn by professional football, baseball, and soccer players, as well as athletes in major collegiate and Olympic sports.",0,0,1,1,1,0
"Mr. Dickerson has been with Under Armour since 2004, serving as CFO since 2008, and more recently gaining the title of COO in early 2015.;.",1,1,0,0,1,1
";Jul 01, 2014;, ; / -Xilinx, Inc. (NASDAQ: XLNX) today announced that it won 2014 EDN China Innovation Awards.",1,1,0,0,1,1
Mr. Marino will transition his areas of responsibility over the ne six months and will remain on the e team.,1,0,0,0,0,0
"As of ;, MasTec had appro ; in outstanding loans and ; in letters of credit under the amended credit facility., MasTec\'s E Vice President and Chief Financial Officer, noted, ""We view the e and amended bank credit facility as a good reflection of the progress that MasTec has made in recent years.",0,1,1,1,1,1
"Launched in 1999, the DJSI World is the gold standard for corporate sustainability and the first global index to track the leading sustainability-driven companies based on RobecoSAM analysis of financially relevant Environmental, Social, and Governance (ESG) factors and S&P DJI robust index methodology.",0,0,0,0,0,1
The access code is 392850.,0,1,1,1,1,1
We will be searching for a newly created position of Chief Supply Chain Officer to lead that critical function.,0,0,1,1,1,1
"Most small business printers and multifunction devices are serviceable, but with limited capabilities and reliability.",1,0,1,1,1,0
";Bill Abelson; Technologies;+1-631-738-4751; Turpin; Channel Company;+1-508-416-1195; DeRango; Technologies;: +1-847-793-5896; and the stylized Zebra head are trademarks of ZIH Corp., registered in many jurisdictions worldwide.All other trademarks are the property of their respective owners.",0,1,1,1,1,1
"Traditionally prepared by cooking Basmati rice with succulent chunks of chicken, cashews and raisins infused with an unmistakable blend of enticing spices, aromas and flavors, including a pinch of saffron salt.",1,0,0,0,0,0
Motorolas MPact Platform for Mobile Marketing is the first of its kind to offer both Wi-Fi and Bluetooth Smart technology to engage with shoppers in the aisle when buying decisions are being made.,1,1,1,1,0,0
"As the flagship of the Kintex UltraScale family, the KU115 offers the highest DSP count available in a single programmable device, doubling the DSP resources previously available.",1,0,1,1,0,0
"Mung bean sprouts are the most popular sprout on the planet try these other great recipes featuring mung bean sprouts: , , & Three lucky winners will receive a sprouting lid and 3 varieties of organic, Non-GMO Project verified planting and sprouting seeds from High Mowing Organic Seeds.",0,0,0,0,0,1
"To help small and medium-size businesses avoid the loss, Xerox today introduced the (MFPs) and , a set of new black-and-white printers that anyone even the least tech-savvy person in the office can operate.",1,0,1,1,1,1
";The resilience that has been on show in Te has also been present 9,000 miles away in Mumbai, where floods have also hit and where Shell staff have also kept on going despite everything.",0,1,0,0,0,1
They difficult to set up and don deliver what offices need today.,1,0,1,1,1,1
"Xerox was one of nine companies in the IT and software services sector to make the DJSI industry list and scored higher than most of the other industry members on all DJSI dimensions (economic, environmental and social).",1,0,0,0,0,0
" (NASDAQ: ZBRA), a global leader in providing solutions and services that give enterprises real-time visibility into their operations, today announced that CRN, a brand of ;, has named Bill Cate, vice president of Global Channel Strategy, Program and Operations to its prestigious list of 2017 Channel Chiefs.",1,1,1,1,1,1
"Plank continued, I have asked Kip, a tested leader at our company with great instincts and proven results in managing growth in product and supply chain, to take on additional responsibility and further align our product and sourcing areas to take the Brand and our business to the ne level.;Mr.",0,1,1,1,0,0
"The Company\'s products are sold worldwide and worn by professional football, baseball, and soccer players, as well as athletes in major collegiate and Olympic sports.",0,1,0,0,1,0
"The brand strengthens its role as the official sponsor of the OESV/Austria Ski Team to now include performance training gear (apparel, equipment, compression and recovery apparel), as well as running and training footwear.",1,0,0,0,0,0
"Rosneft President, Chairman of the Management Board Igor Sechin and AVTOVAZ President Bo Inge Andersson signed an Agreement of development of strategic cooperation, which significantly e the scale of partnership between the companies.",1,0,0,0,0,0
"As COO, Mr. Fulks will continue to oversee the design and development of the companys products, and will add to his responsibilities the oversight of the companys sourcing and information technology areas.",0,1,0,0,0,1
"Her move toward confections began gradually; if you were lucky enough to be one of the early customers, you were often treated to a free chocolate truffle while waiting in line to purchase baked goods.",0,0,0,0,0,1
" MEDINA, Ohio, March 22 /PRNewswire-FirstCall/ - RPM International Inc.(NYSE: RPM) announced today that it will release its fiscal 2005 third-quarter before the stock market opens on Thursday, April 7, 2005.",1,1,1,1,1,0
"Document Manager Magazine, Europe leading trade publication on imaging technology, has awarded its 2015 Product of the Year Award to the at the annual DM Awards ceremony held in London.",1,0,0,0,0,0
"From tangy Satsumas to tart limes to juicy Tangelos, peak of the season citrus adds flavor bursts to salads, cocktails, baked goods, sauces, vinaigrettes and more.",0,1,0,0,0,0
"As part of a series of moves designed to enhance Under Armour\'s management team and to optimize the growth of the Brand, Under Armour veteran, Kip Fulks has assumed additional responsibilities and has been appointed Chief Operating Officer, effective immediately.;Mr.",0,1,1,1,1,1
"""We are very pleased to welcome Under Armour to our family of listed companies and look forward to an outstanding partnership with the company and its shareholders.""",0,0,1,1,0,0
;Motorola is collaborating with four technology vendors to help make MPact an end-to-end locationing solution providing benefits to retailers and customers who opt in.,0,1,0,0,1,1
";Nov 04, 2014;, ; / - Xilinx, Inc. (NASDAQ: XLNX) today announced the e of its 20 nm portfolio with shipment of the Kinte UltraScale; KU115 FPGA.",1,1,0,0,0,0
The results be issued via newswire and also will be available on the RPM web site at:/www.rpminc.com .,1,0,0,0,0,0
"Fill out the form below to send this page to a friend;This press release was issued by Motorola Solutions Enterprise business prior to its acquisition by Zebra Technologies on Oct. 27, 2014.;This press release was issued by Psion prior to its acquisition by Motorola Solutions on Oct. 1, 2012.",1,0,0,0,0,0
"The solution enables shoppers to opt-in and receive customised offers and personal assistance via a Bluetooth Smart-triggered loyalty app and access Wi-Fi to locate products in store, read reviews, compare prices and look up information.",1,0,0,0,0,0
"Delivering up to 8,181 GMACs for symmetric filtering applications, the embedded DSP block includes enhancements for high definition video encoding, FEC (forward error correction) and CRC (cyclical redundancy check) for wired communications systems and for complex filtering and arithmetic commonly used in wireless communications and aerospace.",0,1,1,1,1,1
" By Sophia Bielenberg, July 31, 2014 | Summer is a great time to celebrate fresh food.",1,0,0,0,0,0
"Only the financial analysts will be permitted to ask questions, while the media and the general public will be in a listen-only mode.",0,1,1,1,1,1
"Pending approval of its application, the Company anticipates that its shares of Class A Common Stock will begin trading on the NYSE on December 18, 2006, under the symbol ""UA"".",1,0,0,0,0,0
" By Denise Breyley, May 3, 2012 | As the Pacific Northwest Local Forager, discovering new products and producers is certainly fun and a huge part of my job.",1,0,0,0,0,0
"Mr. Deering is currently Chairman of E Capital, LLC, a private investment firm, and serves on the board of directors of Vornado Realty Trust and is a member of its audit committee.",1,0,0,0,0,0
"301 comments says says says says says says says says says says says says says says says says says says says says says says says says says says says says says says says says says says says says says says says says says says says says says says says says says says Get seasonal recipes, cooking tips, product highlights and coupons delivered to your inbox!",0,1,1,1,1,1
 (NYSE:UA) today announced that Chief Operating Officer and Chief Financial Officer Brad Dickerson will be stepping down to pursue another professional opportunity outside of the athletic performance industry.,1,0,0,0,0,0
"Each is recognized for her outstanding leadership, vision and unique role in driving channel growth and innovation.",1,0,0,0,0,0
"37 comments says says says says says says says says says says says says says says says says says says says says says says says says says says says says says says says says says says says says says Get seasonal recipes, cooking tips, product highlights and coupons delivered to your inbox!",0,1,1,1,1,0
"BALTIMORE, April 14, 2006 - After nearly a decade of providing technically advanced products engineered with its e fabric construction, supreme moisture management, and proven innovation, Under Armour (NASDAQ: UARM) today revealed its highly anticipated cleated footwear line.",1,0,0,0,0,0
"Hue (shown here) has been part of Fran for 19 years, and in the early years it was just Fran and Hue tying the ribbons on each box.",0,1,1,1,1,1
The media and all participants will be in a listen-only mode.,0,0,0,0,0,1
That why I grateful for seasonal citrus.,1,0,0,0,0,0
"The combination of Wi-Fi and Bluetooth Smart technology gives insight and visibility to a shoppers journey in the store while eliminating the need for retailers to deploy, integrate and manage two separate technologies.",0,1,1,1,1,1
"For the best e, we advise using Google Chrome.",1,1,0,0,1,1
But that is about to .,1,0,0,0,0,0
"New SMB devices from Xerox are optimal for small office environments and enable Wi-Fi connectivity, fast print speeds and more.",0,1,0,0,0,0
"For all Psion press releases prior to Oct. 1, 2012, click here.",1,0,0,0,0,0
" By Elizabeth Leader Smith, November 30, 2012 | It may be the most wonderfully delicious time of the year that how the song goes, right?",1,0,0,0,0,0
"Whether it dealing with connectivity problems, slow print speeds, poor image quality or complicated set-up, before you know it, three people lend a hand and work comes to a grinding halt.",1,0,0,0,1,0
";Each of the series of products incorporates the following technology specifications to ensure optimal on-field performance during the game or practice:;The ""Click-Clack"" campaign began nearly a year ago during Under Armours renowned PROTECT THIS HOUSE television advertising campaign where viewers got a first glimpse of what was to come from Under Armour with the sound of cleats on concrete leading onto a football field.",0,1,0,0,0,0
"its founding more than 100 years ago, Xerox has been a company built upon innovation, said , recently named CTO of Xerox.",0,1,1,1,1,1
"And that couldn be more true when it comes to our most recent Local Producer Loan recipient, .",1,0,0,0,0,0
Some Orange Honey Butter should do the trick.,0,1,1,1,1,1
"; ;Through OSM, Psion shares tools and components with e service providers, partner businesses and customers to integrate e ideas and approaches.",0,1,0,0,1,1
"Our clients include Volkswagen, SNCF, RWE nPower, E.ON, BMW, Goodyear, Copenhagen Airports, BNSF and many others.",0,0,1,1,0,0
"Built on the industry\'s only ASIC-class architecture, the mid-range Kintex UltraScale devices provide optimal price/performance/watt for a broad set of applications that include 100G OTN, packet processing and traffic management, 8X8 Mi Mode LTE and WCDMA Radio, 8K/4K displays, Intelligence Surveillance and Reconnaissance (ISR), Data Center and more.",1,1,0,0,1,1
"Finally, interest rates and on-going fees, subject to a pricing grid, are better than those under the prior credit facility.",0,0,1,1,0,0
"The Zebra implementation has enabled the delivery of high-speed Wi-Fi services, offering superior performance as well as seamlessness, speed and security at minimal cost.",0,0,0,0,0,1
"35 comments says says says says says says says says says says says says says says says says says says says says says says says says says says says says says says says says says says says Get seasonal recipes, cooking tips, product highlights and coupons delivered to your inbox!",0,1,1,1,1,1
Summer dishes ranging from salads to burgers are even more tasty and nutritious when topped with a lesser-known vegetable: fresh sprouts.,1,0,0,0,0,0
isn just a classic local product.,1,0,0,0,0,0
;It is the least we can do.,0,1,0,0,0,1
";May 16, 2016;, ; / - Xilinx, Inc. (Nasdaq: XLNX) today announced that its Board of Directors has authorized the repurchase of up to an aggregate ; of the Company\'s debt and equity securities.",1,0,0,0,1,0
";Logo- ; ;""Over the past 10 years, Xilinx has returned 100% of operating cash flow to stockholders through a combination of dividend and repurchase,"" said ;, Xilinx President and Chief E Officer.",0,0,0,0,0,1
"Also receiving a top DM Award was software developer Office Gemini, winning 'Workgroup Imaging Product of the Year' for its Dokmee data capture software, which is bundled with the DocuMate 4799.",1,1,1,1,1,1
Team best result in 2014 2nd place of Rob Huff on the 8th stage of the championship in Argentina.,0,1,1,1,1,0
